City_ID,City,Country,Date,Lat,Lng,Max Temp,Humidity,Cloudiness,Wind Speed
0,Richards Bay,ZA,2021-10-19 18:15:17,-28.783,32.0377,59.77,73,32,3.74
1,Albany,US,2021-10-19 18:13:10,42.6001,-73.9662,63.45,49,7,7.0
2,Punta Arenas,CL,2021-10-19 18:11:09,-53.15,-70.9167,62.71,51,75,35.68
3,Atuona,PF,2021-10-19 18:10:31,-9.8,-139.0333,78.39,75,26,21.0
4,New Norfolk,AU,2021-10-19 18:14:15,-42.7826,147.0587,39.9,71,22,2.3
5,Jamestown,US,2021-10-19 18:12:47,42.097,-79.2353,65.52,51,1,8.99
6,Puerto Ayora,EC,2021-10-19 18:10:57,-0.7393,-90.3518,80.56,80,63,9.98
7,Acari,PE,2021-10-19 18:10:50,-15.4311,-74.6158,79.39,45,97,10.96
8,Isla Mujeres,MX,2021-10-19 18:15:19,21.2311,-86.731,87.85,69,98,11.7
9,Prince Rupert,CA,2021-10-19 18:15:20,54.3161,-130.3201,53.29,43,100,14.97
10,Eminabad,PK,2021-10-19 18:15:21,32.0422,74.2594,78.69,34,0,1.43
11,Vallenar,CL,2021-10-19 18:14:38,-28.5708,-70.7581,81.21,26,0,11.7
12,Mazagao,BR,2021-10-19 18:15:21,-0.115,-51.2894,96.85,43,42,7.0
13,Yulara,AU,2021-10-19 18:14:15,-25.2406,130.9889,71.44,28,21,0.0
14,Ushuaia,AR,2021-10-19 18:13:31,-54.8,-68.3,58.66,47,40,21.85
15,Flinders,AU,2021-10-19 18:11:54,-34.5833,150.8552,56.17,86,73,5.01
16,Rikitea,PF,2021-10-19 18:11:01,-23.1203,-134.9692,74.86,71,5,21.25
17,Leningradskiy,RU,2021-10-19 18:14:33,69.3833,178.4167,25.48,92,100,13.6
18,Nikolskoye,RU,2021-10-19 18:11:09,59.7035,30.7861,33.8,80,46,3.67
19,Cidreira,BR,2021-10-19 18:15:23,-30.1811,-50.2056,65.12,64,4,10.85
20,Qaanaaq,GL,2021-10-19 18:11:13,77.484,-69.3632,23.13,72,95,11.74
21,Upernavik,GL,2021-10-19 18:12:42,72.7868,-56.1549,34.54,73,100,18.59
22,Kaitangata,NZ,2021-10-19 18:11:43,-46.2817,169.8464,42.93,76,21,7.94
23,Belmonte,BR,2021-10-19 18:15:24,-15.8631,-38.8828,81.1,65,92,9.6
24,Vaini,TO,2021-10-19 18:10:58,-21.2,-175.2,71.76,88,40,8.05
25,Norman Wells,CA,2021-10-19 18:14:00,65.282,-126.8329,23.29,82,95,5.39
26,Kholodnyy,RU,2021-10-19 18:15:25,62.7167,147.95,-16.33,96,6,1.48
27,Manuk Mangkaw,PH,2021-10-19 18:15:25,4.8,119.85,83.35,75,100,7.78
28,College,US,2021-10-19 18:14:59,64.8569,-147.8028,31.66,73,90,3.44
29,Mataura,NZ,2021-10-19 18:10:50,-46.1927,168.8643,41.07,65,95,3.13
30,Bluff,NZ,2021-10-19 18:11:08,-46.6,168.3333,47.53,63,92,11.21
31,Cururupu,BR,2021-10-19 18:12:30,-1.8283,-44.8683,89.19,50,77,8.14
32,Ust-Uda,RU,2021-10-19 18:15:26,54.1742,103.0304,32.4,87,54,1.9
33,Kapaa,US,2021-10-19 18:11:07,22.0752,-159.319,75.18,86,20,12.66
34,Tiksi,RU,2021-10-19 18:12:09,71.6872,128.8694,17.8,96,100,7.18
35,Saint-Honore,CA,2021-10-19 18:15:27,48.5334,-71.0824,46.42,89,100,10.45
36,Chimore,BO,2021-10-19 18:15:28,-16.9833,-65.1333,78.08,57,100,2.28
37,Porto Santo,PT,2021-10-19 18:14:01,33.072,-16.3415,75.58,73,0,2.3
38,Busselton,AU,2021-10-19 18:12:37,-33.65,115.3333,54.09,74,100,23.47
39,Pevek,RU,2021-10-19 18:12:04,69.7008,170.3133,14.67,91,100,15.03
40,Corinth,GR,2021-10-19 18:15:29,37.9407,22.9573,66.88,73,9,4.32
41,Narsaq,GL,2021-10-19 18:13:39,60.9167,-46.05,38.26,47,10,1.74
42,Aykhal,RU,2021-10-19 18:10:54,66.0,111.5,30.56,96,100,19.64
43,Vila Franca Do Campo,PT,2021-10-19 18:11:19,37.7167,-25.4333,72.01,68,2,7.52
44,Abu Road,IN,2021-10-19 18:15:30,24.4833,72.7833,75.24,40,0,3.44
45,Cherskiy,RU,2021-10-19 18:13:37,68.75,161.3,-13.02,100,98,3.74
46,Maniitsoq,GL,2021-10-19 18:15:31,65.4167,-52.9,36.32,49,11,3.56
47,Hermanus,ZA,2021-10-19 18:10:25,-34.4187,19.2345,58.8,75,0,12.55
48,Fort Nelson,CA,2021-10-19 18:13:07,58.8053,-122.7002,33.26,67,70,1.83
49,Gari,RU,2021-10-19 18:15:32,59.4307,62.3497,39.18,77,100,7.56
50,Namatanai,PG,2021-10-19 18:12:37,-3.6667,152.4333,79.11,80,40,5.41
51,Cape Town,ZA,2021-10-19 18:11:24,-33.9258,18.4232,66.34,61,0,1.99
52,Lebu,CL,2021-10-19 18:12:05,-37.6167,-73.65,60.64,72,1,10.2
53,Nome,US,2021-10-19 18:15:33,64.5011,-165.4064,33.87,86,90,19.57
54,Ossora,RU,2021-10-19 18:15:36,59.2353,163.0719,22.98,54,21,8.77
55,Dongsheng,CN,2021-10-19 18:12:54,39.8161,109.9776,38.84,52,81,3.38
56,Hasaki,JP,2021-10-19 18:12:57,35.7333,140.8333,54.28,86,100,10.63
57,Barrow,US,2021-10-19 18:11:09,71.2906,-156.7887,21.22,68,90,16.11
58,Avarua,CK,2021-10-19 18:10:14,-21.2078,-159.775,69.85,94,75,1.14
59,Esperance,AU,2021-10-19 18:13:20,-33.8667,121.9,60.64,57,51,30.11
60,Lethem,GY,2021-10-19 18:15:38,3.3803,-59.7968,90.37,52,97,6.29
61,Faanui,PF,2021-10-19 18:13:47,-16.4833,-151.75,79.88,78,98,14.34
62,Along,IN,2021-10-19 18:15:38,28.1667,94.7667,71.17,99,100,1.21
63,Winnemucca,US,2021-10-19 18:15:39,40.973,-117.7357,48.25,71,1,4.61
64,Presidente Olegario,BR,2021-10-19 18:15:41,-18.4178,-46.4181,72.18,68,98,3.89
65,Cayenne,GF,2021-10-19 18:10:53,4.9333,-52.3333,87.84,76,75,1.99
66,Carnarvon,AU,2021-10-19 18:11:12,-24.8667,113.6333,66.27,63,90,11.5
67,Port Alfred,ZA,2021-10-19 18:15:42,-33.5906,26.891,60.89,74,0,13.44
68,Chuy,UY,2021-10-19 18:13:26,-33.6971,-53.4616,65.59,58,12,11.81
69,Bredasdorp,ZA,2021-10-19 18:11:37,-34.5322,20.0403,58.28,88,0,14.7
70,Kiknur,RU,2021-10-19 18:15:44,57.3034,47.2011,31.32,93,85,5.99
71,Port Elizabeth,ZA,2021-10-19 18:15:44,-33.918,25.5701,62.1,88,20,8.05
72,Rybachiy,RU,2021-10-19 18:15:45,48.7073,44.7449,39.06,65,91,11.56
73,Castro,BR,2021-10-19 18:13:34,-24.7911,-50.0119,55.45,96,100,6.51
74,Mahebourg,MU,2021-10-19 18:13:15,-20.4081,57.7,73.26,75,35,10.04
75,Lavrentiya,RU,2021-10-19 18:12:20,65.5833,-171.0,27.79,95,100,19.53
76,Portland,US,2021-10-19 18:13:30,45.5234,-122.6762,59.09,77,75,8.01
77,Glendive,US,2021-10-19 18:12:02,47.1053,-104.7125,41.63,82,90,13.8
78,Shache,CN,2021-10-19 18:11:51,38.4167,77.2406,54.81,20,26,5.68
79,Camocim,BR,2021-10-19 18:15:46,-2.9022,-40.8411,85.66,65,64,17.9
80,Saldanha,ZA,2021-10-19 18:11:32,-33.0117,17.9442,64.0,63,0,14.7
81,Snyder,US,2021-10-19 18:11:28,32.7179,-100.9176,81.52,50,1,12.66
82,Okha,RU,2021-10-19 18:15:47,53.5739,142.9478,24.04,79,56,10.87
83,Coihaique,CL,2021-10-19 18:15:04,-45.5752,-72.0662,70.41,49,40,10.36
84,Codrington,AU,2021-10-19 18:15:48,-38.2667,141.9667,50.68,86,50,15.28
85,Key Largo,US,2021-10-19 18:15:48,25.0865,-80.4473,85.01,58,26,16.6
86,Hobart,AU,2021-10-19 18:10:08,-42.8794,147.3294,40.26,86,49,1.01
87,Hami,CN,2021-10-19 18:11:44,42.8,93.45,54.34,24,1,1.77
88,Khatanga,RU,2021-10-19 18:11:31,71.9667,102.5,29.53,94,100,14.92
89,Barsovo,RU,2021-10-19 18:15:09,61.1667,73.1667,51.93,61,100,16.33
90,Safford,US,2021-10-19 18:15:50,32.834,-109.7076,72.93,52,1,0.6
91,Terrace Bay,CA,2021-10-19 18:15:50,48.7834,-87.1,61.3,70,94,11.79
92,Sao Filipe,CV,2021-10-19 18:13:31,14.8961,-24.4956,82.31,65,4,4.12
93,Hit,IQ,2021-10-19 18:15:51,33.6416,42.8251,75.13,40,0,3.83
94,Katsuura,JP,2021-10-19 18:15:51,35.1333,140.3,62.62,77,98,12.24
95,Hithadhoo,MV,2021-10-19 18:11:37,-0.6,73.0833,82.6,75,75,11.25
96,Gushikawa,JP,2021-10-19 18:15:52,26.3544,127.8686,74.43,66,90,12.66
97,Basar,IN,2021-10-19 18:15:52,27.9833,94.6667,68.59,100,100,1.48
98,Barra Dos Coqueiros,BR,2021-10-19 18:15:53,-10.9089,-37.0386,84.22,70,20,16.11
99,Merauke,ID,2021-10-19 18:15:53,-8.4667,140.3333,78.62,88,57,9.4
100,Swan River,CA,2021-10-19 18:15:54,52.1058,-101.2676,39.09,60,80,13.8
101,Lourdes,FR,2021-10-19 18:15:54,43.1,-0.05,65.32,88,0,2.3
102,Nyurba,RU,2021-10-19 18:15:55,63.2842,118.3319,33.94,97,100,10.65
103,Ballina,AU,2021-10-19 18:15:55,-28.8667,153.5667,57.94,91,17,3.02
104,Izumo,JP,2021-10-19 18:15:56,35.3667,132.7667,57.15,74,83,16.08
105,Souillac,MU,2021-10-19 18:13:23,-20.5167,57.5167,73.36,73,14,7.38
106,Touros,BR,2021-10-19 18:13:44,-5.1989,-35.4608,86.9,61,62,15.7
107,Pundaguitan,PH,2021-10-19 18:15:57,6.3711,126.1689,82.15,75,91,3.33
108,Voskresenskoye,RU,2021-10-19 18:15:57,56.8381,45.4317,32.94,97,81,5.06
109,Tuktoyaktuk,CA,2021-10-19 18:11:11,69.4541,-133.0374,15.8,100,75,6.91
110,Hilo,US,2021-10-19 18:14:30,19.7297,-155.09,74.25,89,90,6.91
111,Beringovskiy,RU,2021-10-19 18:12:19,63.05,179.3167,28.18,84,99,15.14
112,Cravo Norte,CO,2021-10-19 18:15:58,6.3017,-70.2041,91.9,48,44,7.14
113,Georgetown,MY,2021-10-19 18:13:50,5.4112,100.3354,78.89,91,72,5.75
114,Butaritari,KI,2021-10-19 18:11:36,3.0707,172.7902,82.06,68,29,9.17
115,Sitka,US,2021-10-19 18:13:18,57.0531,-135.33,51.69,50,90,20.71
116,Sangar,RU,2021-10-19 18:13:59,63.9242,127.4739,14.54,93,100,11.25
117,Tuatapere,NZ,2021-10-19 18:12:54,-46.1333,167.6833,39.96,73,73,3.31
118,Kahului,US,2021-10-19 18:10:03,20.8947,-156.47,78.82,73,20,10.36
119,Grajewo,PL,2021-10-19 18:16:00,53.6473,22.4554,44.76,90,100,10.02
120,Mpulungu,ZM,2021-10-19 18:16:01,-8.7623,31.1141,82.24,47,89,6.11
121,Mar Del Plata,AR,2021-10-19 18:11:23,-38.0023,-57.5575,66.22,63,0,13.8
122,Abu Dhabi,AE,2021-10-19 18:16:03,24.4667,54.3667,87.91,58,0,8.05
123,Shostka,UA,2021-10-19 18:16:04,51.863,33.4698,35.73,74,18,8.14
124,Baisha,CN,2021-10-19 18:16:05,26.5222,110.9311,58.24,98,100,1.01
125,Omboue,GA,2021-10-19 18:16:06,-1.5746,9.2618,76.55,81,99,5.93
126,Gaoua,BF,2021-10-19 18:16:08,10.2992,-3.2508,77.79,81,79,2.95
127,Moron,AR,2021-10-19 18:13:56,-34.6534,-58.6198,78.03,37,2,1.01
128,Saskylakh,RU,2021-10-19 18:11:48,71.9167,114.0833,22.06,97,100,1.5
129,Miri,MY,2021-10-19 18:16:10,4.4148,114.0089,75.34,94,40,3.44
130,Katherine,AU,2021-10-19 18:16:11,-14.4667,132.2667,84.52,58,75,5.75
131,Mogadishu,SO,2021-10-19 18:16:11,2.0371,45.3438,78.87,86,93,8.81
132,Ribeira Grande,PT,2021-10-19 18:13:29,38.5167,-28.7,72.0,68,40,11.5
133,Charters Towers,AU,2021-10-19 18:13:04,-20.1,146.2667,69.37,95,47,5.35
134,Tura,IN,2021-10-19 18:12:23,25.5198,90.2201,71.42,99,100,0.98
135,Nabire,ID,2021-10-19 18:16:13,-3.3667,135.4833,74.7,89,100,3.56
136,Zakopane,PL,2021-10-19 18:16:13,49.299,19.9489,46.98,82,80,5.46
137,Nadym,RU,2021-10-19 18:16:14,65.5333,72.5167,41.85,94,100,17.29
138,Chokurdakh,RU,2021-10-19 18:13:29,70.6333,147.9167,-7.98,96,100,6.42
139,Kruisfontein,ZA,2021-10-19 18:11:40,-34.0033,24.7314,59.88,75,0,12.08
140,Thompson,CA,2021-10-19 18:11:49,55.7435,-97.8558,38.8,60,54,11.56
141,Namibe,AO,2021-10-19 18:12:23,-15.1961,12.1522,66.2,86,27,8.39
142,Great Yarmouth,GB,2021-10-19 18:16:16,52.6083,1.7305,66.45,78,98,20.47
143,Itarema,BR,2021-10-19 18:16:17,-2.9248,-39.9167,86.54,61,40,17.0
144,Ostrovnoy,RU,2021-10-19 18:16:18,68.0531,39.5131,35.37,63,100,23.09
145,Yellowknife,CA,2021-10-19 18:09:17,62.456,-114.3525,44.42,83,52,10.0
146,Ilulissat,GL,2021-10-19 18:14:49,69.2167,-51.1,41.02,30,75,16.11
147,Petropavlovsk-Kamchatskiy,RU,2021-10-19 18:16:21,53.0452,158.6483,30.79,100,90,2.24
148,Stromness,GB,2021-10-19 18:14:14,58.965,-3.296,55.65,93,100,8.01
149,Cabo San Lucas,MX,2021-10-19 18:10:18,22.8909,-109.9124,88.61,57,1,13.8
150,Fortuna,US,2021-10-19 18:14:02,40.5982,-124.1573,61.66,62,1,1.01
151,San Cristobal,VE,2021-10-19 18:14:02,7.7669,-72.225,80.78,49,20,6.67
152,Saint-Philippe,RE,2021-10-19 18:11:07,-21.3585,55.7679,72.99,77,63,7.76
153,Bubaque,GW,2021-10-19 18:13:13,11.2833,-15.8333,83.98,75,94,9.46
154,Iqaluit,CA,2021-10-19 18:13:41,63.7506,-68.5145,36.7,86,100,23.0
155,Gat,IL,2021-10-19 18:12:01,31.61,34.7642,72.28,100,57,4.72
156,Coahuayana,MX,2021-10-19 18:16:23,18.7333,-103.6833,87.28,59,72,4.79
157,Batemans Bay,AU,2021-10-19 18:16:23,-35.7167,150.1833,56.19,91,95,14.72
158,Wakema,MM,2021-10-19 18:16:24,16.6,95.1833,75.45,94,100,4.29
159,Fomboni,KM,2021-10-19 18:16:24,-12.28,43.7425,78.35,71,71,5.64
160,Guerrero Negro,MX,2021-10-19 18:11:43,27.9769,-114.0611,69.93,57,48,15.61
161,Cody,US,2021-10-19 18:16:25,44.5263,-109.0565,43.59,73,90,12.66
162,Albury,AU,2021-10-19 18:15:18,-36.0833,146.9167,47.1,83,0,4.61
163,Rio Pardo,BR,2021-10-19 18:16:25,-29.9897,-52.3781,74.19,41,0,3.22
164,Teguise,ES,2021-10-19 18:13:07,29.0605,-13.564,75.42,65,0,11.5
165,Sioux Lookout,CA,2021-10-19 18:14:56,50.1001,-91.917,44.98,87,75,12.66
166,Vidim,RU,2021-10-19 18:16:26,56.4088,103.1106,33.87,99,97,3.56
167,Airai,TL,2021-10-19 18:11:16,-8.9266,125.4092,62.49,83,82,0.74
168,Mehamn,NO,2021-10-19 18:16:27,71.0357,27.8492,30.11,86,40,6.91
169,Sterling,US,2021-10-19 18:16:27,39.0062,-77.4286,74.23,44,1,1.01
170,Severo-Kurilsk,RU,2021-10-19 18:12:01,50.6789,156.125,39.96,85,84,12.53
171,Faya,SA,2021-10-19 18:16:28,18.3851,42.4509,66.72,24,26,8.93
172,Provideniya,RU,2021-10-19 18:12:46,64.3833,-173.3,32.25,96,100,9.6
173,Kodiak,US,2021-10-19 18:08:57,57.79,-152.4072,44.11,76,90,6.91
174,Hofn,IS,2021-10-19 18:16:29,64.2539,-15.2082,38.12,67,100,22.24
175,Vanderhoof,CA,2021-10-19 18:16:29,54.0166,-124.0198,38.3,77,99,4.56
176,Kyabram,AU,2021-10-19 18:16:30,-36.3167,145.05,43.7,87,0,6.8
177,Ruwi,OM,2021-10-19 18:16:30,23.5996,58.5507,85.69,41,4,7.67
178,Isoka,ZM,2021-10-19 18:16:30,-10.1606,32.6335,73.85,42,85,8.25
179,Alice Springs,AU,2021-10-19 18:16:31,-23.7,133.8833,80.15,34,56,5.75
180,Alugan,PH,2021-10-19 18:16:31,12.2188,125.4808,78.87,85,59,0.87
181,Rundu,NA,2021-10-19 18:16:32,-17.9333,19.7667,81.46,30,65,8.57
182,Kampong Thum,KH,2021-10-19 18:16:32,12.7111,104.8887,77.36,88,100,2.3
183,Sayyan,YE,2021-10-19 18:16:33,15.1718,44.3244,61.86,21,35,6.96
184,Kenora,CA,2021-10-19 18:13:31,49.8167,-94.4337,48.18,81,98,11.99
185,Trinidad,BO,2021-10-19 18:12:31,-14.8333,-64.9,94.78,26,74,5.99
186,Najran,SA,2021-10-19 18:13:26,17.4924,44.1277,72.07,18,6,3.18
187,Kunming,CN,2021-10-19 18:16:34,25.0389,102.7183,58.93,94,20,17.9
188,Nanortalik,GL,2021-10-19 18:14:53,60.1432,-45.2371,40.28,53,50,1.95
189,Klyuchi,RU,2021-10-19 18:16:34,52.2667,79.1667,40.89,59,81,7.18
190,Zatoka,UA,2021-10-19 18:16:35,46.0725,30.4654,46.94,57,97,7.87
191,Klaksvik,FO,2021-10-19 18:14:03,62.2266,-6.589,50.92,96,96,6.8
192,Iowa City,US,2021-10-19 18:16:27,41.6611,-91.5302,73.26,47,1,13.8
193,Kieta,PG,2021-10-19 18:14:55,-6.2167,155.6333,78.53,84,39,1.5
194,Kavieng,PG,2021-10-19 18:12:58,-2.5744,150.7967,82.27,75,24,9.01
195,Leh,IN,2021-10-19 18:14:48,34.1667,77.5833,45.1,40,0,3.0
196,Palaikastron,GR,2021-10-19 18:16:36,35.2,26.25,66.74,66,1,25.64
197,Vestmannaeyjar,IS,2021-10-19 18:13:26,63.4427,-20.2734,45.59,65,100,3.44
198,Sicamous,CA,2021-10-19 18:16:37,50.8331,-118.9856,48.09,50,17,0.78
199,Maceio,BR,2021-10-19 18:14:05,-9.6658,-35.7353,89.04,66,20,9.22
200,Opuwo,NA,2021-10-19 18:16:37,-18.0607,13.84,78.78,16,19,13.02
201,Eidsvag,NO,2021-10-19 18:16:38,62.7767,8.0668,48.85,85,100,10.11
202,Egvekinot,RU,2021-10-19 18:12:17,66.3167,-179.1667,20.07,84,100,17.0
203,Muzhi,RU,2021-10-19 18:16:39,65.3667,64.6667,34.14,98,100,6.64
204,Ormara,PK,2021-10-19 18:16:40,25.2088,64.6357,80.29,53,0,5.37
205,Matay,EG,2021-10-19 18:16:13,28.419,30.7792,76.95,37,23,11.36
206,Shirokiy,RU,2021-10-19 18:16:40,49.758,129.523,20.66,94,79,1.81
207,Angoche,MZ,2021-10-19 18:16:41,-16.2325,39.9086,76.89,79,3,7.58
208,Victoria,HK,2021-10-19 18:09:12,22.2855,114.1577,79.32,80,75,4.0
209,Arraial Do Cabo,BR,2021-10-19 18:10:42,-22.9661,-42.0278,69.66,83,90,10.36
210,Krasnoselkup,RU,2021-10-19 18:12:55,65.7,82.4667,36.93,96,100,16.15
211,Xixiang,CN,2021-10-19 18:16:42,35.1628,112.865,48.92,91,100,1.92
212,Ahmadpur,IN,2021-10-19 18:16:42,18.7,76.9333,70.66,76,15,4.09
213,Puerto Del Rosario,ES,2021-10-19 18:16:43,28.5004,-13.8627,76.68,83,20,12.66
214,Goderich,CA,2021-10-19 18:16:43,43.7501,-81.7165,68.2,67,3,6.91
215,Khani,GE,2021-10-19 18:16:44,41.9563,42.9566,47.77,98,100,2.68
216,Lima,PE,2021-10-19 18:12:44,-12.0432,-77.0282,68.4,86,40,1.01
217,Gazanjyk,TM,2021-10-19 18:16:44,39.2446,55.5154,63.41,50,78,9.37
218,Akalkot,IN,2021-10-19 18:16:45,17.5333,76.2167,74.79,58,45,7.27
219,Ponta Do Sol,PT,2021-10-19 18:16:45,32.6667,-17.1,79.72,78,90,3.33
220,Genoa,IT,2021-10-19 18:14:46,44.4129,8.9573,66.65,85,40,1.99
221,Lompoc,US,2021-10-19 18:14:52,34.6391,-120.4579,69.78,61,1,3.44
222,Roma,US,2021-10-19 18:16:03,43.2128,-75.4557,65.86,62,1,1.99
223,Russell,US,2021-10-19 18:15:27,32.3502,-85.1999,75.96,50,1,0.0
224,Geraldton,AU,2021-10-19 18:13:00,-28.7667,114.6,63.12,77,40,19.57
225,Waycross,US,2021-10-19 18:15:02,31.2136,-82.354,80.6,44,1,4.61
226,Usinsk,RU,2021-10-19 18:16:47,65.9939,57.5281,30.76,87,100,6.31
227,Leshukonskoye,RU,2021-10-19 18:16:47,64.8989,45.7622,33.13,86,71,10.67
228,Kendari,ID,2021-10-19 18:16:48,-3.945,122.4989,74.82,93,74,2.89
229,Caravelas,BR,2021-10-19 18:12:10,-17.7125,-39.2481,82.51,62,77,11.48
230,Arandis,NA,2021-10-19 18:16:49,-22.4167,14.9667,52.47,60,99,1.28
231,Saint George,US,2021-10-19 18:15:00,37.1041,-113.5841,63.07,41,1,1.01
232,Zima,RU,2021-10-19 18:16:49,53.9202,102.0442,30.83,89,80,1.52
233,Changji,CN,2021-10-19 18:16:50,44.0167,87.3167,48.99,46,0,2.24
234,El Uvito,CO,2021-10-19 18:16:50,7.2429,-72.6294,62.46,55,28,7.09
235,Freeport,US,2021-10-19 18:13:50,40.6576,-73.5832,67.98,46,1,11.99
236,Yar-Sale,RU,2021-10-19 18:12:22,66.8333,70.8333,33.17,98,100,10.49
237,Constitucion,CL,2021-10-19 18:11:02,-35.3333,-72.4167,66.24,56,3,5.66
238,Teya,RU,2021-10-19 18:16:52,60.3778,92.6267,39.51,96,100,6.91
239,Twin Falls,US,2021-10-19 18:16:53,42.3505,-114.6445,52.14,47,20,9.22
240,Yacuiba,BO,2021-10-19 18:16:53,-22.038,-63.6797,86.77,39,75,6.91
241,Benghazi,LY,2021-10-19 18:15:27,32.1167,20.0667,72.68,61,50,18.66
242,Tessalit,ML,2021-10-19 18:10:20,20.1986,1.0114,86.11,10,1,12.33
243,Gazimurskiy Zavod,RU,2021-10-19 18:16:54,51.5461,118.3266,19.0,96,27,2.28
244,Vostok,RU,2021-10-19 18:16:55,46.4856,135.8833,12.69,79,4,2.98
245,San Juan Del Sur,NI,2021-10-19 18:16:56,11.2529,-85.8705,84.42,74,40,6.91
246,Longyearbyen,SJ,2021-10-19 18:12:24,78.2186,15.6401,13.84,73,20,14.97
247,Nuuk,GL,2021-10-19 18:15:19,64.1835,-51.7216,43.41,28,1,1.14
248,Kangaatsiaq,GL,2021-10-19 18:16:57,68.3065,-53.4641,30.0,48,100,7.18
249,Broken Hill,AU,2021-10-19 18:13:54,-31.95,141.4333,55.89,39,13,9.55
250,Korla,CN,2021-10-19 18:16:58,41.7597,86.1469,54.73,27,93,3.89
251,Olga,RU,2021-10-19 18:16:58,43.7444,135.2892,26.2,66,76,7.76
252,Comodoro Rivadavia,AR,2021-10-19 18:14:53,-45.8667,-67.5,82.26,24,0,8.05
253,Pangnirtung,CA,2021-10-19 18:16:09,66.1451,-65.7125,33.8,86,90,2.3
254,Hvolsvollur,IS,2021-10-19 18:16:59,63.7533,-20.2243,45.27,54,91,24.74
255,Gamba,GA,2021-10-19 18:17:00,-2.65,10.0,76.06,81,100,5.93
256,Tasiilaq,GL,2021-10-19 18:11:21,65.6145,-37.6368,33.96,51,0,2.77
257,Chumikan,RU,2021-10-19 18:14:01,54.7183,135.315,24.33,84,24,16.62
258,Sinnamary,GF,2021-10-19 18:17:01,5.3833,-52.95,83.98,69,99,9.26
259,At-Bashi,KG,2021-10-19 18:17:02,41.1702,75.8106,45.14,53,63,3.53
260,Grindavik,IS,2021-10-19 18:17:02,63.8424,-22.4338,40.95,70,0,32.21
261,Yumen,CN,2021-10-19 18:14:59,40.2833,97.2,40.39,31,97,7.63
262,Horadiz,AZ,2021-10-19 18:17:03,39.4488,47.3353,56.17,59,53,0.45
263,Los Llanos De Aridane,ES,2021-10-19 18:12:51,28.6585,-17.9182,76.12,66,97,13.8
264,Vyazemskiy,RU,2021-10-19 18:17:04,47.5378,134.7525,24.21,50,3,4.59
265,Steti,CZ,2021-10-19 18:17:04,50.453,14.3742,60.42,70,100,11.54
266,Berbera,SO,2021-10-19 18:17:05,10.4396,45.0143,86.13,64,78,3.53
267,Seoul,KR,2021-10-19 18:13:49,37.5683,126.9778,45.84,67,1,2.39
268,Mandello Del Lario,IT,2021-10-19 18:17:06,45.9192,9.3193,60.78,86,64,2.44
269,Ahipara,NZ,2021-10-19 18:12:44,-35.1667,173.1667,52.45,90,68,4.9
270,Indiaroba,BR,2021-10-19 18:17:06,-11.5192,-37.5117,84.43,58,95,9.62
271,Kachiry,KZ,2021-10-19 18:17:07,53.0675,76.1036,43.57,52,45,8.52
272,Yate,GB,2021-10-19 18:17:07,51.5407,-2.4184,63.45,95,100,3.0
273,Abu Zabad,SD,2021-10-19 18:17:08,12.35,29.25,88.81,16,12,8.61
274,Aswan,EG,2021-10-19 18:14:22,24.0934,32.907,83.8,17,0,13.53
275,Baruun-Urt,MN,2021-10-19 18:13:48,46.6806,113.2792,29.46,57,5,5.97
276,Ladario,BR,2021-10-19 18:17:09,-19.0047,-57.6017,91.69,31,0,10.36
277,Bethel,US,2021-10-19 18:10:26,41.3712,-73.414,65.71,53,1,1.01
278,Meru,KE,2021-10-19 18:17:09,0.0463,37.6559,65.23,82,100,2.98
279,Inongo,CD,2021-10-19 18:17:10,-1.95,18.2667,73.33,95,94,2.51
280,Zaragoza,ES,2021-10-19 18:17:11,41.6561,-0.8773,72.9,62,0,5.01
281,Mirnyy,RU,2021-10-19 18:17:11,62.5353,113.9611,32.27,93,100,12.03
282,Buzdyak,RU,2021-10-19 18:17:12,54.5833,54.55,40.05,62,100,5.79
283,San Jose,US,2021-10-19 18:17:13,37.3394,-121.895,65.39,50,75,10.36
284,Bambanglipuro,ID,2021-10-19 18:13:16,-7.95,110.2833,77.56,86,98,2.55
285,Kommunisticheskiy,RU,2021-10-19 18:17:13,61.6789,64.4819,36.48,67,96,10.96
286,Beloha,MG,2021-10-19 18:17:14,-25.1667,45.05,67.24,79,100,11.43
287,San Patricio,US,2021-10-19 18:12:51,28.017,-97.5169,86.41,52,100,12.71
288,Nogales,MX,2021-10-19 18:16:52,31.3086,-110.9422,73.08,27,1,10.36
289,Moranbah,AU,2021-10-19 18:17:15,-22.0016,148.0466,70.21,63,3,11.1
290,Axim,GH,2021-10-19 18:15:01,4.8699,-2.2405,79.5,81,98,8.68
291,Hervey Bay,AU,2021-10-19 18:16:24,-25.2986,152.8535,67.03,83,0,2.64
292,Astara,AZ,2021-10-19 18:17:16,38.5,48.6667,52.5,93,100,0.51
293,Muisne,EC,2021-10-19 18:17:16,0.6,-80.0333,82.51,79,99,12.15
294,Sistranda,NO,2021-10-19 18:14:26,63.7256,8.834,47.89,79,100,12.71
295,Stykkisholmur,IS,2021-10-19 18:17:17,65.0757,-22.7297,36.18,66,52,35.5
296,Vao,NC,2021-10-19 18:12:20,-22.6667,167.4833,72.7,88,100,13.33
297,Dachau,DE,2021-10-19 18:17:18,48.26,11.434,57.61,72,100,6.89
298,Jonkoping,SE,2021-10-19 18:17:18,57.7814,14.1562,54.39,100,90,6.91
299,Dikson,RU,2021-10-19 18:13:33,73.5069,80.5464,27.79,57,100,12.33
300,Bandarbeyla,SO,2021-10-19 18:17:19,9.4942,50.8122,78.62,86,26,9.78
301,Mporokoso,ZM,2021-10-19 18:17:19,-9.3727,30.125,77.25,35,98,7.61
302,Loreto,MX,2021-10-19 18:17:20,22.2667,-101.9667,73.58,38,3,5.7
303,Sambava,MG,2021-10-19 18:17:20,-14.2667,50.1667,72.97,84,70,8.19
304,Dasoguz,TM,2021-10-19 18:17:21,41.8363,59.9666,53.55,35,0,4.61
305,Sept-Iles,CA,2021-10-19 18:13:46,50.2001,-66.3821,50.05,92,100,1.99
306,Asau,RO,2021-10-19 18:13:21,46.4333,26.4,48.76,75,73,3.27
307,Inirida,CO,2021-10-19 18:17:21,3.8653,-67.9239,92.73,46,46,3.62
308,Yanji,CN,2021-10-19 18:17:22,42.9075,129.5078,28.4,61,2,4.32
309,Avera,US,2021-10-19 18:13:39,33.194,-82.5271,75.07,32,0,2.64
310,Carutapera,BR,2021-10-19 18:17:23,-1.195,-46.02,87.48,57,73,9.57
311,Eyemouth,GB,2021-10-19 18:17:23,55.8713,-2.0901,62.64,89,100,19.22
312,Mandalgovi,MN,2021-10-19 18:17:24,45.7625,106.2708,31.28,45,0,8.12
313,Yarmouth,US,2021-10-19 18:17:24,41.7057,-70.2286,62.26,57,1,20.0
314,Te Anau,NZ,2021-10-19 18:13:20,-45.4167,167.7167,32.22,86,7,1.97
315,Atar,MR,2021-10-19 18:17:25,20.5169,-13.0499,102.25,16,13,13.8
316,Talnakh,RU,2021-10-19 18:14:28,69.4865,88.3972,30.06,98,97,5.82
317,Ahtopol,BG,2021-10-19 18:13:58,42.1,27.95,54.07,80,40,3.31
318,Juneau,US,2021-10-19 18:16:06,58.3019,-134.4197,44.65,88,90,3.44
319,Alta Floresta,BR,2021-10-19 18:17:26,-9.8756,-56.0861,87.62,62,20,4.61
320,Bloomfield,US,2021-10-19 18:16:53,40.8068,-74.1854,68.04,41,1,3.0
321,Shimoda,JP,2021-10-19 18:17:27,34.6667,138.95,57.11,74,58,22.68
322,Bodden Town,KY,2021-10-19 18:14:47,19.2833,-81.25,79.93,94,97,1.99
323,Spanish Fork,US,2021-10-19 18:17:27,40.115,-111.6549,46.27,91,90,6.91
324,San Vicente De Canete,PE,2021-10-19 18:17:28,-13.0751,-76.3835,70.32,68,53,9.8
325,Nantucket,US,2021-10-19 18:16:56,41.2835,-70.0995,60.94,53,1,19.57
326,Lubao,PH,2021-10-19 18:17:29,14.9167,120.55,82.42,84,1,4.05
327,Aripuana,BR,2021-10-19 18:14:01,-9.1667,-60.6333,86.79,56,74,0.63
328,Uray,RU,2021-10-19 18:17:29,60.1247,64.7758,42.4,81,98,8.46
329,Duayaw Nkwanta,GH,2021-10-19 18:17:31,7.1724,-2.1028,73.31,97,95,2.57
330,Baykit,RU,2021-10-19 18:17:31,61.67,96.37,36.86,95,100,5.32
331,Bathsheba,BB,2021-10-19 18:17:32,13.2167,-59.5167,88.41,62,40,16.11
332,Port Macquarie,AU,2021-10-19 18:17:32,-31.4333,152.9167,59.9,89,86,9.42
333,Christchurch,NZ,2021-10-19 18:17:28,-43.5333,172.6333,46.02,89,90,3.44
334,Selenginsk,RU,2021-10-19 18:17:33,52.0064,106.8647,21.61,89,4,3.71
335,Kamyaran,IR,2021-10-19 18:17:33,34.7956,46.9355,57.15,44,1,3.87
336,Etchoropo,MX,2021-10-19 18:17:34,26.7667,-109.6667,87.42,50,4,5.88
337,Verden,DE,2021-10-19 18:17:34,52.9167,9.2333,62.33,94,100,1.99
338,Hasilpur,PK,2021-10-19 18:17:35,29.7122,72.5553,80.11,12,0,6.58
339,Abha,SA,2021-10-19 18:12:36,18.2164,42.5053,66.45,15,0,8.05
340,West Wendover,US,2021-10-19 18:17:35,40.7391,-114.0733,54.61,47,1,24.16
341,Buraydah,SA,2021-10-19 18:17:36,26.326,43.975,84.65,14,0,7.78
342,Boa Viagem,BR,2021-10-19 18:16:20,-5.1275,-39.7322,98.06,22,46,7.07
343,Mahanoro,MG,2021-10-19 18:17:37,-19.9,48.8,72.5,84,0,8.23
344,Bambous Virieux,MU,2021-10-19 18:13:55,-20.3428,57.7575,73.22,75,42,10.27
345,Rampura,IN,2021-10-19 18:17:37,30.25,75.2333,74.59,37,0,3.09
346,Perth,AU,2021-10-19 18:17:38,-31.9333,115.8333,61.09,81,75,13.8
347,Shelburne,CA,2021-10-19 18:17:38,44.0787,-80.2041,66.9,49,20,16.91
348,Okhotsk,RU,2021-10-19 18:12:41,59.3833,143.3,10.02,71,8,11.32
349,Manyana,BW,2021-10-19 18:17:39,-23.4,21.7167,73.69,37,9,16.53
350,Pangody,RU,2021-10-19 18:17:39,65.85,74.4859,40.3,96,100,15.7
351,Pacific Grove,US,2021-10-19 18:17:40,36.6177,-121.9166,64.76,77,1,4.0
352,Changli,CN,2021-10-19 18:17:40,39.7042,119.1506,41.76,50,9,5.28
353,Clyde River,CA,2021-10-19 18:14:26,70.4692,-68.5914,31.6,76,87,3.98
354,Kholm,RU,2021-10-19 18:17:41,59.2667,32.85,28.45,92,45,4.63
355,Mabay,PH,2021-10-19 18:17:42,6.0577,124.4666,77.7,85,99,3.87
356,Naze,JP,2021-10-19 18:15:01,28.3667,129.4833,68.68,65,100,16.17
357,Lapi,PH,2021-10-19 18:17:43,17.716,121.8978,75.36,95,95,1.83
358,Tiznit,MA,2021-10-19 18:17:44,29.5833,-9.5,77.72,29,40,3.33
359,Lewistown,US,2021-10-19 18:17:44,40.5992,-77.5714,71.42,40,1,10.36
360,Hokitika,NZ,2021-10-19 18:17:45,-42.7167,170.9667,45.48,88,9,4.43
361,Havoysund,NO,2021-10-19 18:17:45,70.9963,24.6622,26.83,78,100,6.55
362,Kargil,IN,2021-10-19 18:17:46,34.5667,76.1,43.61,45,0,6.22
363,East London,ZA,2021-10-19 18:11:20,-33.0153,27.9116,62.58,67,0,11.48
364,Watsa,CD,2021-10-19 18:17:46,3.0372,29.5355,67.06,94,99,1.72
365,Acapetahua,MX,2021-10-19 18:17:47,15.2833,-92.7,86.0,67,55,4.12
366,Dunedin,NZ,2021-10-19 18:12:52,-45.8742,170.5036,45.81,60,7,20.0
367,Aklavik,CA,2021-10-19 18:15:18,68.2191,-135.0107,16.52,95,71,6.35
368,Pailon,BO,2021-10-19 18:17:48,-17.65,-62.75,91.08,25,40,6.06
369,Kutum,SD,2021-10-19 18:17:48,14.2,24.6667,81.27,14,8,9.91
370,Kavaratti,IN,2021-10-19 18:13:48,10.5669,72.642,81.93,74,89,9.04
371,Haines Junction,CA,2021-10-19 18:17:49,60.7522,-137.5108,21.15,86,93,1.14
372,Rancho Palos Verdes,US,2021-10-19 18:14:11,33.7445,-118.387,68.65,68,0,5.01
373,Eucaliptus,BO,2021-10-19 18:17:50,-17.5833,-67.5167,69.49,22,99,8.52
374,Santa Cruz,BO,2021-10-19 18:17:50,-17.8,-63.1667,89.65,31,40,13.8
375,Port Lincoln,AU,2021-10-19 18:15:00,-34.7333,135.8667,62.06,62,100,21.18
376,Hovd,MN,2021-10-19 18:11:22,48.0056,91.6419,34.05,53,0,0.51
377,Kologriv,RU,2021-10-19 18:17:51,58.8275,44.3178,34.27,93,99,5.93
378,Kiunga,PG,2021-10-19 18:17:52,-6.1219,141.2906,72.36,100,96,1.16
379,Maragogi,BR,2021-10-19 18:17:52,-9.0122,-35.2225,81.16,69,91,9.57
380,Daru,PG,2021-10-19 18:14:43,-9.0763,143.2092,79.12,86,13,8.97
381,Nara,JP,2021-10-19 18:13:48,34.6851,135.8049,63.68,74,25,13.35
382,Cape Coast,GH,2021-10-19 18:17:53,5.1053,-1.2466,79.29,84,98,11.48
383,Hanzhong,CN,2021-10-19 18:17:54,33.0728,107.0303,50.72,93,100,0.47
384,Adre,TD,2021-10-19 18:17:22,13.4667,22.2,85.46,22,40,7.31
385,Sovetskiy,RU,2021-10-19 18:17:54,61.3614,63.5842,36.03,68,93,11.05
386,Mazatlan,MX,2021-10-19 18:13:29,23.2167,-106.4167,87.91,69,20,3.0
387,Svetlogorsk,BY,2021-10-19 18:17:55,52.6333,29.7333,36.0,75,45,5.86
388,Fukuma,JP,2021-10-19 18:17:56,33.7667,130.4667,63.28,58,89,17.96
389,Srednekolymsk,RU,2021-10-19 18:14:17,67.45,153.6833,-7.15,98,34,6.04
390,Novosergiyevka,RU,2021-10-19 18:17:57,52.0934,53.6528,44.69,54,100,9.04
391,Marsa Matruh,EG,2021-10-19 18:17:57,31.3525,27.2453,71.49,67,56,10.09
392,Ullapool,GB,2021-10-19 18:13:53,57.8987,-5.1604,59.34,92,99,12.17
393,Tazovskiy,RU,2021-10-19 18:17:58,67.4667,78.7,32.99,96,100,11.05
394,Auki,SB,2021-10-19 18:14:57,-8.7676,160.7034,76.6,86,84,2.55
395,Sao Joao Da Barra,BR,2021-10-19 18:12:50,-21.6403,-41.0511,71.69,93,100,14.63
396,Cairns,AU,2021-10-19 18:15:46,-16.9167,145.7667,74.07,93,75,2.3
397,Asfi,MA,2021-10-19 18:14:54,32.2994,-9.2372,70.84,85,27,6.8
398,Altamont,US,2021-10-19 18:17:59,42.2068,-121.7372,49.78,65,1,1.01
399,Taltal,CL,2021-10-19 18:13:42,-25.4,-70.4833,62.62,67,30,4.27
400,Norrtalje,SE,2021-10-19 18:18:00,59.758,18.705,49.01,85,100,13.11
401,Cochrane,CA,2021-10-19 18:14:00,51.1834,-114.4687,41.86,63,100,16.11
402,Mayo,US,2021-10-19 18:18:00,38.8876,-76.5119,74.08,43,1,4.0
403,Panaba,MX,2021-10-19 18:16:17,21.2833,-88.2667,93.61,40,73,8.59
404,Surab,PK,2021-10-19 18:18:01,28.4914,66.2585,59.32,9,0,9.19
405,Waingapu,ID,2021-10-19 18:13:35,-9.6567,120.2641,80.19,81,65,5.46
406,Gravelbourg,CA,2021-10-19 18:18:02,49.8834,-106.5512,39.47,44,20,8.97
407,Emerald,AU,2021-10-19 18:18:03,-23.5333,148.1667,69.35,42,2,7.49
408,Mugur-Aksy,RU,2021-10-19 18:18:03,50.35,90.5,14.9,71,4,5.77
409,Sola,VU,2021-10-19 18:18:04,-13.8833,167.55,79.97,80,100,13.02
410,High Level,CA,2021-10-19 18:13:57,58.5169,-117.136,35.46,65,45,8.75
411,Isangel,VU,2021-10-19 18:18:05,-19.55,169.2667,75.61,91,100,4.41
412,Turan,VN,2021-10-19 18:18:05,16.0678,108.2208,76.98,94,40,1.14
413,Santa Isabel Do Rio Negro,BR,2021-10-19 18:18:06,-0.4139,-65.0192,89.28,54,51,0.58
414,Kropotkin,RU,2021-10-19 18:14:18,45.4375,40.5756,45.88,82,80,8.25
415,Mersing,MY,2021-10-19 18:18:07,2.4312,103.8405,76.91,94,100,4.61
416,Nizhnyaya Tavda,RU,2021-10-19 18:18:07,57.6731,66.1725,48.72,50,100,6.53
417,Fereydunshahr,IR,2021-10-19 18:13:57,32.941,50.121,44.87,15,0,5.95
418,Gangapur,IN,2021-10-19 18:18:08,26.4833,76.7167,77.02,58,31,2.89
419,Simbahan,PH,2021-10-19 18:18:09,6.3032,120.5836,83.53,73,99,6.51
420,Guadalupe Y Calvo,MX,2021-10-19 18:18:09,26.1,-106.9667,66.47,37,95,7.65
421,Gao,ML,2021-10-19 18:18:10,16.6362,1.637,89.06,29,87,3.38
422,Port Hueneme,US,2021-10-19 18:17:06,34.1478,-119.1951,71.1,49,1,4.61
423,Chvaletice,CZ,2021-10-19 18:18:10,50.0344,15.4185,61.16,66,90,6.91
424,Itamaraca,BR,2021-10-19 18:18:11,-7.7478,-34.8256,86.68,65,79,9.98
425,Sakaide,JP,2021-10-19 18:18:11,34.3167,133.85,58.53,71,31,14.36
426,Kimbe,PG,2021-10-19 18:18:12,-5.5502,150.1429,74.73,90,38,3.47
427,Grenville,GD,2021-10-19 18:18:12,12.1167,-61.6167,86.05,75,50,11.61
428,Elko,US,2021-10-19 18:15:38,41.0002,-115.5012,47.73,70,14,1.01
429,Vedi,AM,2021-10-19 18:18:13,39.9142,44.7222,56.59,42,13,1.7
430,Ribeira Brava,PT,2021-10-19 18:18:14,32.65,-17.0667,79.72,80,90,2.42
431,Torbay,CA,2021-10-19 18:13:19,47.6666,-52.7314,59.88,69,2,7.85
432,Chaozhou,CN,2021-10-19 18:18:14,23.6651,116.6379,73.26,89,37,2.53
433,Meadow Lake,US,2021-10-19 18:18:15,34.8014,-106.5436,68.49,39,20,15.84
434,Tateyama,JP,2021-10-19 18:13:05,34.9833,139.8667,62.53,82,20,11.5
435,Acarau,BR,2021-10-19 18:18:16,-2.8856,-40.12,86.58,62,46,18.48
436,Shenjiamen,CN,2021-10-19 18:18:16,29.9576,122.298,65.68,71,100,16.93
437,Matara,LK,2021-10-19 18:18:17,5.9485,80.5353,77.7,88,40,8.14
438,Andijon,UZ,2021-10-19 18:18:18,40.7821,72.3442,65.55,93,94,4.32
439,Villa Rica,US,2021-10-19 18:18:10,33.7321,-84.9191,74.68,56,1,4.59
440,Margate,GB,2021-10-19 18:13:55,51.3813,1.3862,64.96,76,25,7.0
441,Tilichiki,RU,2021-10-19 18:18:18,60.4667,166.1,11.01,90,88,7.92
442,Hamilton,US,2021-10-19 18:10:59,39.1834,-84.5333,73.04,46,1,1.01
443,Hirara,JP,2021-10-19 18:18:19,24.8,125.2833,77.0,67,98,17.27
444,San Luis,AR,2021-10-19 18:18:19,-33.295,-66.3356,80.65,15,0,7.25
445,Pisco,PE,2021-10-19 18:13:22,-13.7,-76.2167,67.01,82,46,11.5
446,Shimanovsk,RU,2021-10-19 18:18:20,52.0,127.7,28.38,65,8,4.21
447,Praia Da Vitoria,PT,2021-10-19 18:18:21,38.7333,-27.0667,75.45,73,20,9.69
448,Panama City,PA,2021-10-19 18:13:34,8.9936,-79.5197,89.55,65,20,9.22
449,Nacala,MZ,2021-10-19 18:18:22,-14.5428,40.6728,74.61,82,6,4.79
450,Oussouye,SN,2021-10-19 18:18:22,12.485,-16.5469,89.78,62,62,11.61
451,Noumea,NC,2021-10-19 18:09:42,-22.2763,166.4572,71.58,87,100,3.78
452,Masterton,NZ,2021-10-19 18:18:23,-40.9597,175.6575,51.89,98,99,1.39
453,Koutsouras,GR,2021-10-19 18:18:23,35.0339,25.9469,67.1,56,5,16.93
454,Bilibino,RU,2021-10-19 18:18:24,68.0546,166.4372,3.34,96,100,3.02
455,Kailua,US,2021-10-19 18:18:24,21.4022,-157.7394,78.78,69,20,10.36
456,Vredendal,ZA,2021-10-19 18:18:25,-31.6683,18.5012,77.65,14,0,11.61
457,Port Blair,IN,2021-10-19 18:18:25,11.6667,92.75,81.07,83,20,6.91
458,Eregli,TR,2021-10-19 18:18:26,37.5133,34.0467,59.14,40,66,8.63
459,Kasamwa,TZ,2021-10-19 18:18:26,-2.85,32.4333,68.58,78,100,1.79
460,Ahuimanu,US,2021-10-19 18:18:27,21.4447,-157.8378,78.51,67,20,10.36
461,Zeya,RU,2021-10-19 18:18:27,53.75,127.2667,26.96,76,40,2.73
462,Half Moon Bay,US,2021-10-19 18:18:27,37.4636,-122.4286,65.21,70,1,1.01
463,Port-Gentil,GA,2021-10-19 18:14:54,-0.7193,8.7815,78.44,81,94,12.59
464,Pontes E Lacerda,BR,2021-10-19 18:18:28,-15.2261,-59.3353,84.27,48,98,3.04
465,Ratnagiri,IN,2021-10-19 18:18:28,16.9833,73.3,77.45,80,47,5.64
466,Ust-Kut,RU,2021-10-19 18:18:29,56.7938,105.7672,33.78,99,100,3.0
467,Yuzhno-Kurilsk,RU,2021-10-19 18:18:30,44.0306,145.8556,52.36,85,100,10.33
468,Castleford,GB,2021-10-19 18:18:30,53.7259,-1.3626,65.21,88,100,1.01
469,Hollabrunn,AT,2021-10-19 18:18:31,48.55,16.0833,55.63,81,95,4.0
470,Saravan,AM,2021-10-19 18:18:31,39.7196,45.6483,43.45,64,29,2.37
471,Auburn,US,2021-10-19 18:18:32,47.3073,-122.2284,59.22,80,75,1.01
472,Straznice,CZ,2021-10-19 18:18:32,48.901,17.3168,52.45,81,98,5.91
473,Bay Roberts,CA,2021-10-19 18:14:52,47.5999,-53.2648,61.25,68,1,5.99
474,Markova,UA,2021-10-19 18:18:33,48.6758,24.4138,40.59,88,99,5.77
475,Lata,PT,2021-10-19 18:12:57,40.1629,-8.3327,74.91,74,4,2.44
476,Tigil,RU,2021-10-19 18:18:34,57.8,158.6667,24.12,86,100,12.35
477,Pianco,BR,2021-10-19 18:18:34,-7.1981,-37.9292,99.39,21,33,9.42
478,Matagami,CA,2021-10-19 18:18:34,49.7502,-77.6328,51.91,58,1,5.75
479,Glenwood Springs,US,2021-10-19 18:14:51,39.5505,-107.3248,53.4,80,75,9.22
480,Awjilah,LY,2021-10-19 18:18:35,29.1081,21.2869,77.4,35,89,15.59
481,Sulina,RO,2021-10-19 18:18:36,45.1559,29.6536,56.08,51,85,2.66
482,Dubbo,AU,2021-10-19 18:14:37,-32.25,148.6167,42.93,81,0,8.05
483,Pastavy,BY,2021-10-19 18:18:36,55.1168,26.8326,38.95,72,82,5.32
484,Lindi,TZ,2021-10-19 18:18:37,-10.0,39.7167,75.0,88,78,5.64
485,Evensk,RU,2021-10-19 18:18:37,61.95,159.2333,9.66,75,100,8.86
486,Doba,TD,2021-10-19 18:18:38,8.65,16.85,73.98,91,81,3.56
487,Manaus,BR,2021-10-19 18:13:44,-3.1019,-60.025,91.89,52,40,4.61
488,Luderitz,NA,2021-10-19 18:11:53,-26.6481,15.1594,61.77,64,3,6.67
489,Tautira,PF,2021-10-19 18:18:39,-17.7333,-149.15,82.42,76,72,18.19
490,Meulaboh,ID,2021-10-19 18:18:39,4.1363,96.1285,76.53,89,78,4.79
491,Kinston,US,2021-10-19 18:18:40,35.2627,-77.5816,75.99,31,1,4.61
492,Lokosovo,RU,2021-10-19 18:18:40,61.1333,74.8167,47.91,63,100,15.01
493,Envira,BR,2021-10-19 18:18:41,-7.3,-70.2167,82.65,69,91,4.27
494,Coquimbo,CL,2021-10-19 18:11:04,-29.9533,-71.3436,58.73,77,75,10.36
495,Bonavista,CA,2021-10-19 18:14:44,48.6499,-53.1147,53.6,76,49,9.86
496,Nosy Varika,MG,2021-10-19 18:18:42,-20.5833,48.5333,73.0,83,1,8.57
497,Poum,NC,2021-10-19 18:13:57,-20.2333,164.0167,75.16,83,100,10.4
498,Orotukan,RU,2021-10-19 18:18:43,62.2667,151.7,-12.32,100,94,5.12
499,Manado,ID,2021-10-19 18:13:40,1.487,124.8455,75.97,94,40,2.3
500,Buta,CD,2021-10-19 18:18:44,2.7858,24.73,71.96,97,99,1.86
501,Riviere-Au-Renard,CA,2021-10-19 18:18:44,48.9957,-64.3971,50.29,79,73,5.68
502,Barcelona,ES,2021-10-19 18:16:00,41.3888,2.159,71.74,80,20,5.99
503,Batagay,RU,2021-10-19 18:18:45,67.6333,134.6333,4.59,87,100,4.81
504,Paita,PE,2021-10-19 18:18:45,-5.0892,-81.1144,71.24,74,100,11.43
505,Miramar,US,2021-10-19 18:18:46,25.9873,-80.2323,86.02,56,75,14.97
506,Lagoa,PT,2021-10-19 18:10:56,39.05,-27.9833,68.25,71,1,14.52
507,Ayagoz,KZ,2021-10-19 18:18:47,47.9714,80.4392,41.77,47,0,4.16
508,Vrangel,RU,2021-10-19 18:18:47,42.7297,133.0839,36.34,47,10,18.3
509,Bristol,US,2021-10-19 18:15:06,41.8334,-71.1662,63.25,48,1,3.0
510,Huarmey,PE,2021-10-19 18:14:17,-10.0681,-78.1522,69.93,72,82,9.46
511,Karratha,AU,2021-10-19 18:18:48,-20.7377,116.8463,69.82,52,98,14.81
512,Boiro,ES,2021-10-19 18:18:49,42.65,-8.9,70.93,84,12,10.49
513,Aksu,CN,2021-10-19 18:18:49,41.1231,80.2644,53.2,24,40,4.5
514,Nefteyugansk,RU,2021-10-19 18:16:03,61.0998,72.6035,52.05,60,100,18.86
515,Bhuj,IN,2021-10-19 18:18:50,23.2667,69.6667,78.21,62,0,9.84
516,State College,US,2021-10-19 18:18:23,40.7934,-77.86,68.59,43,1,1.01
517,Aquiraz,BR,2021-10-19 18:18:51,-3.9014,-38.3911,89.22,56,31,13.56
518,Chifeng,CN,2021-10-19 18:18:51,42.2683,118.9636,35.8,38,0,4.79
519,Berlevag,NO,2021-10-19 18:14:50,70.8578,29.0864,30.15,80,40,12.66
520,Quatre Cocos,MU,2021-10-19 18:18:52,-20.2078,57.7625,73.51,75,46,10.45
521,Burnie,AU,2021-10-19 18:18:52,-41.0667,145.9167,47.91,70,54,11.12
522,Ancud,CL,2021-10-19 18:11:32,-41.8697,-73.8203,69.42,76,6,6.8
523,Lufilufi,WS,2021-10-19 18:18:53,-13.8745,-171.5986,74.98,80,57,21.7
524,Jalu,LY,2021-10-19 18:18:54,29.0331,21.5482,75.47,38,89,12.26
525,Kholmogory,RU,2021-10-19 18:18:54,64.2229,41.656,33.91,83,87,6.76
526,Tomatlan,MX,2021-10-19 18:13:59,19.9333,-105.25,88.32,60,26,4.09
527,Tres Picos,MX,2021-10-19 18:18:55,15.8667,-93.5333,87.12,63,100,5.44
528,Kamaishi,JP,2021-10-19 18:18:56,39.2667,141.8833,55.71,92,91,1.36
529,Hope Mills,US,2021-10-19 18:18:56,34.9704,-78.9453,78.39,31,1,0.0
530,Grand Gaube,MU,2021-10-19 18:12:48,-20.0064,57.6608,73.38,77,41,3.0
531,Ust-Maya,RU,2021-10-19 18:14:19,60.4167,134.5333,13.77,81,95,3.51
532,Soyo,AO,2021-10-19 18:18:57,-6.1349,12.3689,76.6,81,67,8.63
533,Ust-Nera,RU,2021-10-19 18:18:57,64.5667,143.2,-5.55,99,63,4.79
534,Guilin,CN,2021-10-19 18:18:58,25.2819,110.2864,60.91,87,100,4.23
535,Cayeli,TR,2021-10-19 18:18:58,41.0923,40.7292,58.64,86,100,9.93
536,Sorong,ID,2021-10-19 18:18:59,-0.8833,131.25,78.96,85,100,6.85
537,Tarboro,US,2021-10-19 18:18:59,35.8968,-77.5358,74.08,31,1,5.75
538,Zemio,CF,2021-10-19 18:19:00,5.0314,25.1361,71.13,91,98,3.33
539,Dukat,RU,2021-10-19 18:19:01,62.55,155.55,-2.33,98,100,4.79
540,Jacareacanga,BR,2021-10-19 18:19:02,-6.2222,-57.7528,89.91,58,20,3.44
541,Bozuyuk,TR,2021-10-19 18:19:02,39.9078,30.0367,51.06,89,69,4.12
542,Tarbagatay,RU,2021-10-19 18:19:03,51.4803,107.3602,20.73,87,4,3.09
543,Skjervoy,NO,2021-10-19 18:19:03,70.0311,20.9714,30.38,59,18,17.25
544,Kitami,JP,2021-10-19 18:19:04,43.8031,143.8908,47.12,99,100,2.08
545,Garowe,SO,2021-10-19 18:19:04,8.4054,48.4845,79.3,63,7,16.42
546,Kenai,US,2021-10-19 18:19:05,60.5544,-151.2583,39.15,87,20,14.97
547,Artyom,AZ,2021-10-19 18:19:05,40.4723,50.333,60.94,77,97,14.09
548,Shenkursk,RU,2021-10-19 18:19:06,62.1091,42.896,35.78,92,100,7.99
549,Jinchang,CN,2021-10-19 18:14:01,38.4953,102.1739,40.48,71,84,1.07
550,Atambua,ID,2021-10-19 18:19:07,-9.1061,124.8925,77.25,81,90,3.0
551,Sur,OM,2021-10-19 18:19:07,22.5667,59.5289,84.16,53,7,8.59
552,Zamora,EC,2021-10-19 18:18:08,-4.0692,-78.9567,74.44,92,100,1.74
553,Zinder,NE,2021-10-19 18:19:08,13.8072,8.9881,89.56,43,24,4.61
554,Chimbote,PE,2021-10-19 18:15:43,-9.0853,-78.5783,69.17,71,71,9.62
555,Banjarmasin,ID,2021-10-19 18:18:28,-3.3244,114.591,77.14,92,100,2.53
556,Rabo De Peixe,PT,2021-10-19 18:19:09,37.8,-25.5833,69.31,73,20,9.22
557,Buala,SB,2021-10-19 18:14:00,-8.145,159.5921,79.02,82,35,2.59
558,Mitu,CO,2021-10-19 18:14:22,1.1983,-70.1733,89.33,53,96,3.11
559,Razdolinsk,RU,2021-10-19 18:19:10,58.4211,94.6658,34.27,97,99,2.98
560,Padang,ID,2021-10-19 18:19:10,-0.9492,100.3543,77.05,89,100,3.44
561,Bikin,RU,2021-10-19 18:19:10,46.8161,134.26,23.83,53,2,0.85
562,Lorengau,PG,2021-10-19 18:13:13,-2.0226,147.2712,81.64,75,58,7.99
563,Quang Ngai,VN,2021-10-19 18:15:55,15.1167,108.8,75.85,94,68,3.29
564,Champerico,GT,2021-10-19 18:19:11,14.3,-91.9167,88.36,78,100,8.08
565,Mount Gambier,AU,2021-10-19 18:13:41,-37.8333,140.7667,42.71,93,78,6.91
566,Santiago Del Estero,AR,2021-10-19 18:19:12,-27.7951,-64.2615,84.81,17,0,10.16
567,Port Hedland,AU,2021-10-19 18:19:13,-20.3167,118.5667,73.45,73,98,8.05
568,Popondetta,PG,2021-10-19 18:19:13,-8.7537,148.2534,72.05,96,7,3.13
569,Kindu,CD,2021-10-19 18:19:13,-2.95,25.95,71.28,95,100,1.07
570,Zhigansk,RU,2021-10-19 18:12:13,66.7697,123.3711,27.81,97,100,18.34
571,Moscow,RU,2021-10-19 18:16:51,55.7522,37.6156,38.37,81,100,11.3
572,San Vicente,AR,2021-10-19 18:19:14,-26.6167,-54.1333,75.94,35,7,7.05
573,Mugumu,TZ,2021-10-19 18:19:15,-1.85,34.7,68.83,69,100,2.93
574,Samfya,ZM,2021-10-19 18:19:10,-11.3649,29.5565,82.0,34,71,14.12
575,Rio Gallegos,AR,2021-10-19 18:19:16,-51.6226,-69.2181,78.85,22,20,9.22
576,Conde,BR,2021-10-19 18:16:15,-7.2597,-34.9075,85.46,62,20,11.5
577,Fujin,CN,2021-10-19 18:19:17,47.26,132.0322,26.85,52,40,5.41
578,Kasongo-Lunda,CD,2021-10-19 18:19:17,-6.4667,16.8167,73.51,90,71,2.26
579,Alofi,NU,2021-10-19 18:14:04,-19.0595,-169.9187,74.86,63,99,16.06
580,Chapais,CA,2021-10-19 18:19:18,49.7834,-74.8492,42.58,86,100,8.5
581,Angola,AO,2021-10-19 18:19:19,-12.5,18.5,71.11,63,100,3.18
582,Bang Len,TH,2021-10-19 18:19:19,14.0219,100.1718,80.98,90,83,4.36
583,Denpasar,ID,2021-10-19 18:19:20,-8.65,115.2167,80.26,88,75,4.61
584,Acheng,CN,2021-10-19 18:19:21,45.5454,126.977,28.33,56,8,5.82
585,Saint-Augustin,CA,2021-10-19 18:19:21,51.226,-58.6502,43.23,94,100,20.33
586,Boden,SE,2021-10-19 18:19:22,65.8252,21.6886,33.8,86,100,3.22
